[
    {
      "name": "The Lord of The Rings",
      "genre": "Fantasy",
      "rating": 8,
      "year": 2001,
      "budget": "93,000,000",
      "boxOffice": "888,159,092",
      "poster": "https://images-na.ssl-images-amazon.com/images/I/51uKITEiT1L._AC_SY445_.jpg",
      "actors": [
        {
          "name": "Sean Astin"
        },
        {
          "name": "Elijah Wood"
        },
        {
          "name": "Orlando Bloom"
        }
      ],
      "storyline": "An ancient Ring thought lost for centuries has been found, and through a strange twist of fate has been given to a small Hobbit named Frodo. When Gandalf discovers the Ring is in fact the One Ring of the Dark Lord Sauron, Frodo must make an epic quest to the Cracks of Doom in order to destroy it. However, he does not go alone. He is joined by Gandalf, Legolas the elf, Gimli the Dwarf, Aragorn, Boromir, and his three Hobbit friends Merry, Pippin, and Samwise. Through mountains, snow, darkness, forests, rivers and plains, facing evil and danger at every corner the Fellowship of the Ring must go. Their quest to destroy the One Ring is the only hope for the end of the Dark Lords reign."
    },
    {
      "name": "Transformers",
      "genre": "Action",
      "rating": 7,
      "year": 2007,
      "budget": "150,000,000",
      "boxOffice": "709,709,780",
      "poster": "https://images-na.ssl-images-amazon.com/images/I/51dpfe9JJLL._AC_.jpg",
      "actors": [
        {
          "name": "Shia LaBeouf"
        },
        {
          "name": "Megan Fox"
        }
      ],
      "storyline": "High-school student Sam Witwicky buys his first car, who is actually the Autobot Bumblebee. Bumblebee defends Sam and his girlfriend Mikaela Banes from the Decepticon Barricade, before the other Autobots arrive on Earth. They are searching for the Allspark, and the war on Earth heats up as the Decepticons attack a United States military base in Qatar. Sam and Mikaela are taken by the top-secret agency Sector 7 to help stop the Decepticons, but when they learn the agency also intends to destroy the Autobots, they formulate their own plan to save the world."
    },
    {
      "name": "Pirates of the Caribbean",
      "genre": "Adventure",
      "rating": 8,
      "storyline": "This swash-buckling tale follows the quest of Captain Jack Sparrow, a savvy pirate, and Will Turner, a resourceful blacksmith, as they search for Elizabeth Swann. Elizabeth, the daughter of the governor and the love of Will's life, has been kidnapped by the feared Captain Barbossa. Little do they know, but the fierce and clever Barbossa has been cursed. He, along with his large crew, are under an ancient curse, doomed for eternity to neither live, nor die. That is, unless a blood sacrifice is made.",
      "year": 2003,
      "budget": "140,000,000",
      "boxOffice": "654,264,015",
      "poster": "https://cdn.shopify.com/s/files/1/0037/8008/3782/products/pirates_of_the_caribbean_advance_cast_style_WC23692_B_2_framed1.jpg?v=1581768597",
      "actors": [
        {
          "name": "Johnny Depp"
        },
        {
          "name": "Geoffrey Rush"
        },
        {
          "name": "Orlando Bloom"
        }
      ]
    },
    {
      "name": "Avatar",
      "genre": "Action",
      "rating": 7,
      "year": 2009,
      "budget": "237,000,000",
      "boxOffice": "2,790,439,092",
      "poster": "https://images-na.ssl-images-amazon.com/images/I/91FKuRPgwCL._AC_SL1500_.jpg",
      "actors": [
        {
          "name": "Sam Worthington"
        },
        {
          "name": "Zoe Saldana"
        }
      ],
      "storyline": "When his brother is killed in a robbery, paraplegic Marine Jake Sully decides to take his place in a mission on the distant world of Pandora. There he learns of greedy corporate figurehead Parker Selfridge's intentions of driving off the native humanoid Na'vi in order to mine for the precious material scattered throughout their rich woodland. In exchange for the spinal surgery that will fix his legs, Jake gathers knowledge, of the Indigenous Race and their Culture, for the cooperating military unit spearheaded by gung-ho Colonel Quaritch, while simultaneously attempting to infiltrate the Na'vi people with the use of an 'avatar' identity. While Jake begins to bond with the native tribe and quickly falls in love with the beautiful alien Neytiri, the restless Colonel moves forward with his ruthless extermination tactics, forcing the soldier to take a stand - and fight back in an epic battle for the fate of Pandora."
    },
    {
      "name": "Princess Mononoke",
      "genre": "Animation",
      "rating": 8,
      "year": 1997,
      "budget": "22,936,871",
      "boxOffice": "169,785,629",
      "poster": "https://images-na.ssl-images-amazon.com/images/I/517mkEqmnpL._AC_.jpg",
      "actors": [
        {
          "name": "Billy Crudup"
        },
        {
          "name": "Billy Bob Thornton"
        },
        {
          "name": "Minnie Driver"
        }
      ],
      "storyline": "While protecting his village from rampaging boar-god/demon, a confident young warrior, Ashitaka, is stricken by a deadly curse. To save his life, he must journey to the forests of the west. Once there, he's embroiled in a fierce campaign that humans were waging on the forest. The ambitious Lady Eboshi and her loyal clan use their guns against the gods of the forest and a brave young woman, Princess Mononoke, who was raised by a wolf-god. Ashitaka sees the good in both sides and tries to stem the flood of blood. This is met by animosity by both sides as they each see him as supporting the enemy."
    },
    {
      "name": "Pulp Fiction",
      "genre": "Crime",
      "rating": 8,
      "year": 1994,
      "budget": "8,000,000",
      "boxOffice": "214,194,847",
      "poster": "https://images-na.ssl-images-amazon.com/images/I/71c05lTE03L._AC_SL1024_.jpg",
      "actors": [
        {
          "name": "Tim Roth"
        },
        {
          "name": "John Travolta"
        },
        {
          "name": "Samuel L. Jackson"
        }
      ],
      "storyline": "Jules Winnfield (Samuel L. Jackson) and Vincent Vega (John Travolta) are two hit men who are out to retrieve a suitcase stolen from their employer, mob boss Marsellus Wallace (Ving Rhames). Wallace has also asked Vincent to take his wife Mia (Uma Thurman) out a few days later when Wallace himself will be out of town. Butch Coolidge (Bruce Willis) is an aging boxer who is paid by Wallace to lose his fight. The lives of these seemingly unrelated people are woven together comprising of a series of funny, bizarre and uncalled-for incidents."
    },
    {
      "name": "Spider-Man 3",
      "genre": "Action",
      "rating": 5,
      "year": 2007,
      "budget": "258,000,000",
      "boxOffice": "894,983,373",
      "poster": "https://images-na.ssl-images-amazon.com/images/I/51MssEjdaRL._AC_.jpg",
      "actors": [
        {
          "name": "Tobey Maguire"
        },
        {
          "name": "Kirsten Dunst"
        }
      ],
      "storyline": "Peter Parker has finally managed to piece together the once-broken parts of his life, maintaining a balance between his relationship with Mary-Jane and his responsibility as Spider-Man. But more challenges arise for our young hero. Peter's old friend Harry Obsourne has set out for revenge against Peter; taking up the mantle of his late father's persona as The New Goblin, and Peter must also capture Uncle Ben's real killer, Flint Marko, who has been transformed into his toughest foe yet, the Sandman. All hope seems lost when suddenly Peter's suit turns jet-black and greatly amplifies his powers. But it also begins to greatly amplify the much darker qualities of Peter's personality that he begins to lose himself to. Peter has to reach deep inside himself to free the compassionate hero he used to be if he is to ever conquer the darkness within and face not only his greatest enemies, but also...himself."
    },
    {
      "name": "Holmes & Watson",
      "genre": "Comedy",
      "rating": 3,
      "year": 2018,
      "budget": "42,000,000",
      "boxOffice": "40,466,970",
      "poster": "https://images-na.ssl-images-amazon.com/images/I/91YUfw5aztL._AC_SL1500_.jpg",
      "actors": [
        {
          "name": "Will Ferrell"
        },
        {
          "name": "John C. Reilly"
        }
      ],
      "storyline": "A humorous take on Sir Arthur Conan Doyle's classic mysteries featuring Sherlock Holmes and Doctor Watson."
    },
    {
      "name": "Spirited Away",
      "genre": "Animation",
      "rating": 9,
      "year": 2001,
      "budget": "19,000,000",
      "boxOffice": "355,467,076",
      "poster": "https://images-na.ssl-images-amazon.com/images/I/41DpF-t-BFL._AC_.jpg",
      "actors": [
        {
          "name": "Rumi Hiiragi"
        },
        {
          "name": "Miyu Irino"
        }
      ],
      "storyline": "Chihiro and her parents are moving to a small Japanese town in the countryside, much to Chihiro's dismay. On the way to their new home, Chihiro's father makes a wrong turn and drives down a lonely one-lane road which dead-ends in front of a tunnel. Her parents decide to stop the car and explore the area. They go through the tunnel and find an abandoned amusement park on the other side, with its own little town. When her parents see a restaurant with great-smelling food but no staff, they decide to eat and pay later. However, Chihiro refuses to eat and decides to explore the theme park a bit more. She meets a boy named Haku who tells her that Chihiro and her parents are in danger, and they must leave immediately. She runs to the restaurant and finds that her parents have turned into pigs. In addition, the theme park turns out to be a town inhabited by demons, spirits, and evil gods. At the center of the town is a bathhouse where these creatures go to relax."
    },
    {
      "name": "Inception",
      "genre": "Action",
      "rating": 8,
      "year": 2010,
      "budget": "160,000,000",
      "boxOffice": "836,836,967",
      "poster": "https://images-na.ssl-images-amazon.com/images/I/71uKM%2BLdgFL._AC_SY879_.jpg",
      "actors": [
        {
          "name": "Leonardo DiCaprio"
        },
        {
          "name": "Joseph Gordon-Levitt"
        }
      ],
      "storyline": "Dom Cobb is a skilled thief, the absolute best in the dangerous art of extraction, stealing valuable secrets from deep within the subconscious during the dream state, when the mind is at its most vulnerable. Cobb's rare ability has made him a coveted player in this treacherous new world of corporate espionage, but it has also made him an international fugitive and cost him everything he has ever loved. Now Cobb is being offered a chance at redemption. One last job could give him his life back but only if he can accomplish the impossible, inception. Instead of the perfect heist, Cobb and his team of specialists have to pull off the reverse: their task is not to steal an idea, but to plant one. If they succeed, it could be the perfect crime. But no amount of careful planning or expertise can prepare the team for the dangerous enemy that seems to predict their every move. An enemy that only Cobb could have seen coming."
    },
    {
      "name": "The Matrix",
      "genre": "Action",
      "rating": 8,
      "year": 1999,
      "budget": "63,000,000",
      "boxOffice": "466,364,409",
      "poster": "https://images-na.ssl-images-amazon.com/images/I/51oBxmV-dML._AC_.jpg",
      "actors": [
        {
          "name": "Keanu Reeves"
        },
        {
          "name": "Carrie-Anne Moss"
        }
      ],
      "storyline": "Thomas A. Anderson is a man living two lives. By day he is an average computer programmer and by night a hacker known as Neo. Neo has always questioned his reality, but the truth is far beyond his imagination. Neo finds himself targeted by the police when he is contacted by Morpheus, a legendary computer hacker branded a terrorist by the government. As a rebel against the machines, Neo must confront the agents: super-powerful computer programs devoted to stopping Neo and the entire human rebellion."
    }
  ]